{"cameraMode":{"drawMode":0,"name":"Shaded","section":"Shading Mode"},"sceneLighting":true,"audioPlay":false,"sceneViewState":{"showFog":true,"showMaterialUpdate":true,"showSkybox":true,"showFlares":true,"showImageEffects":true,"showParticleSystems":true},"in2DMode":false,"pivot":{"x":0.6499999761581421,"y":0.7349652647972107,"z":3.202981472015381},"rotation":{"x":0.17017601430416108,"y":-0.005622719880193472,"z":0.0009696643683128059,"w":0.9854078888893127},"size":863.7040405273438,"orthographic":false}