{"cameraMode":{"drawMode":0,"name":"Shaded","section":"Shading Mode"},"sceneLighting":false,"audioPlay":false,"sceneViewState":{"showFog":true,"showMaterialUpdate":true,"showSkybox":false,"showFlares":true,"showImageEffects":true,"showParticleSystems":true},"in2DMode":false,"pivot":{"x":-3.3065097332000734,"y":5.949649333953857,"z":223.2043914794922},"rotation":{"x":0.17101193964481355,"y":-0.0853128731250763,"z":0.014863654971122742,"w":0.9814664721488953},"size":0.5,"orthographic":false}