{"cameraMode":{"drawMode":0,"name":"Shaded","section":"Shading Mode"},"sceneLighting":false,"audioPlay":false,"sceneViewState":{"showFog":true,"showMaterialUpdate":true,"showSkybox":false,"showFlares":true,"showImageEffects":true,"showParticleSystems":true},"in2DMode":false,"pivot":{"x":8.005847930908204,"y":-4.506213665008545,"z":-6.593439102172852},"rotation":{"x":0.17101193964481355,"y":-0.0853128731250763,"z":0.014863654971122742,"w":0.9814664721488953},"size":146.15122985839845,"orthographic":false}